Video ID,Comment,processed
YwHQfvY_s_Y,I am ready!,
YwHQfvY_s_Y,meanwhile in non christian places of the world...,"['non', 'christian', 'place', 'world', '...']"
YwHQfvY_s_Y,"There is not going to  be a Rapture, It's not Biblical, not in God's word.  God's word tell us plain and simply,(a Child can understand) The Antichrist (satan) comes first (6th trump) The Real Christ comes at the 7th trump. God will not come back until after the Antichrist sits in the holy place pretending to be God.  2Thess. 2:3,4","['rapture', 'biblical', 'god', 'word', 'god', 'word', 'tell', 'plain', 'simply,(a', 'child', 'understand', 'antichrist', 'satan', 'come', '6th', 'trump', 'real', 'christ', 'come', '7th', 'trump', 'god', 'come', 'antichrist', 'sit', 'holy', 'place', 'pretend', 'god', '2thess', '2:3,4']"
YwHQfvY_s_Y,"It doesn't matter who's in the movie it's the message their trying to send everyone. If Cage is an atheist maybe this might change him. I wouldn't want to be here on judgment day after the rapture , this is what this is about the rapture.","['matter', 'movie', 'message', 'try', 'send', 'cage', 'atheist', 'maybe', 'change', 'want', 'judgment', 'day', 'rapture', 'rapture']"
YwHQfvY_s_Y,Is Nicolas Cage a Christian??,"['nicolas', 'cage', 'christian']"
YwHQfvY_s_Y,"First of all it's sad that so many people will take this ""secret rapture"" as truth when the Bible- God's Word says the opposite... Left Behind was written as fiction...what amazes me is that so many have taken a man's word over God's. There are numerous scriptures and a true prophetic time line in the Bible. Under guidance of the Holy Spirit those who are truly searching for understanding will find it. Jeremiah 29:13 And ye shall seek me, and find me, when ye shall search for me with all your heart....

1 Thessalonians 4:16 says, For the Lord himself shall descend from heaven with a shout, with the voice of the archangel, and with the trump of God: and the dead in Christ shall rise first  vs.17 Then we which are alive and remain shall be caught up together with them in the clouds, to meet the Lord in the air: and so shall we ever be with the Lord. vs.18 Wherefore comfort one another with these words.
Revelation 1:7 Behold, he cometh with clouds; and every eye shall see him, and they also which pierced him: and all kindreds of the earth shall wail because of him. Even so, Amen
Satan hates God so much that he has a counterfeit for everything that God does, including the Christ’s bright and boisterous coming in the clouds of glory! Since he really cannot compete on that scale, he’s gone underground to enshroud the event in darkness and mystery. Jesus knew of Satan’s deceptive plots and warned us in Matthew 24:26 and 27 that we would be tempted to believe that His coming would be secret
Matthew 24:3,4 As He was sitting on the Mount of Olives, the disciples came to Him privately, saying, ""Tell us, when will these things happen, and what will be the sign of Your coming, and of the end of the age?"" 4And Jesus answered and said to them, ""See to it that no one misleads you 5For many shall come in my name, saying, I am Christ; and shall deceive many. 6And ye shall hear of wars and rumours of wars: see that ye be not troubled: for all these things must come to pass, but the end is not yet. 7“For nation will rise against nation, and kingdom against kingdom, and in various places there will be famines and earthquakes. 8“But all these things are merely the beginning of birth pangs. 9“Then they will deliver you to tribulation, and will kill you, and you will be hated by all nations because of My name. 10“At that time many will fall away and will betray one another and hate one another. 11“Many false prophets will arise and will mislead many. 12“Because lawlessness is increased, most people’s love will grow cold. 13“But the one who endures to the end, he will be saved. 14“This gospel of the kingdom shall be preached in the whole world as a testimony to all the nations, and then the end will come.
2 Thessalonians 2:10,11 and with all the deception of wickedness for those who perish, because they did not receive the love of the truth so as to be saved. 11For this reason God will send upon them a deluding influence so that they will believe what is false, 12in order that they all may be judged who did not believe the truth, but took pleasure in wickedness.

2 Timothy 2:15 Study to shew thyself approved unto God, a workman that needeth not to be ashamed, rightly dividing the word of truth.
Matthew 28:20 Teaching them to observe all things whatsoever I have commanded you: and, lo, I am with you alway, even unto the end of the world. Amen
John 14:15 If ye love me, keep my commandments
Philippians 1:9 I pray that your love will overflow more and more, and that you will keep on growing in knowledge and understanding. NLT","['sad', 'people', 'secret', 'rapture', 'truth', 'bible-', 'god', 'word', 'opposite', '...', 'leave', 'write', 'fiction', '...', 'amaze', 'man', 'word', 'god', 'numerous', 'scripture', 'true', 'prophetic', 'time', 'line', 'bible', 'guidance', 'holy', 'spirit', 'truly', 'search', 'understanding', 'find', 'jeremiah', '29:13', 'ye', 'shall', 'seek', 'find', 'ye', 'shall', 'search', 'heart', '....', '1', 'thessalonians', '4:16', 'lord', 'shall', 'descend', 'heaven', 'shout', 'voice', 'archangel', 'trump', 'god', 'dead', 'christ', 'shall', 'rise', 'vs.17', 'alive', 'remain', 'shall', 'catch', 'cloud', 'meet', 'lord', 'air', 'shall', 'lord', 'vs.18', 'wherefore', 'comfort', 'word', 'revelation', '1:7', 'behold', 'cometh', 'cloud', 'eye', 'shall', 'pierce', 'kindred', 'earth', 'shall', 'wail', 'amen', 'satan', 'hate', 'god', 'counterfeit', 'god', 'include', 'christ', 'bright', 'boisterous', 'come', 'cloud', 'glory', 'compete', 'scale', '’', 'underground', 'enshroud', 'event', 'darkness', 'mystery', 'jesus', 'know', 'satan', 'deceptive', 'plot', 'warn', 'matthew', '24:26', '27', 'tempt', 'believe', 'coming', 'secret', 'matthew', '24:3,4', 'sit', 'mount', 'olives', 'disciple', 'come', 'privately', 'tell', 'thing', 'happen', 'sign', 'coming', 'end', 'age', '4and', 'jesus', 'answer', 'mislead', '5for', 'shall', 'come', 'christ', 'shall', 'deceive', '6and', 'ye', 'shall', 'hear', 'war', 'rumour', 'war', 'ye', 'trouble', 'thing', 'come', 'pass', 'end', '7“for', 'nation', 'rise', 'nation', 'kingdom', 'kingdom', 'place', 'famine', 'earthquake', '8“but', 'thing', 'merely', 'beginning', 'birth', 'pang', '9“then', 'deliver', 'tribulation', 'kill', 'hate', 'nation', '10“at', 'time', 'fall', 'away', 'betray', 'hate', '11“many', 'false', 'prophet', 'arise', 'mislead', '12“because', 'lawlessness', 'increase', 'people', 'love', 'grow', 'cold', '13“but', 'endure', 'end', 'save', '14“this', 'gospel', 'kingdom', 'shall', 'preach', 'world', 'testimony', 'nation', 'end', 'come', '2', 'thessalonians', '2:10,11', 'deception', 'wickedness', 'perish', 'receive', 'love', 'truth', 'save', '11for', 'reason', 'god', 'send', 'deluding', 'influence', 'believe', 'false', '12', 'order', 'judge', 'believe', 'truth', 'pleasure', 'wickedness', '2', 'timothy', '2:15', 'study', 'shew', 'thyself', 'approve', 'unto', 'god', 'workman', 'needeth', 'ashamed', 'rightly', 'divide', 'word', 'truth', 'matthew', '28:20', 'teach', 'observe', 'thing', 'whatsoever', 'command', 'lo', 'alway', 'unto', 'end', 'world', 'amen', 'john', '14:15', 'ye', 'love', 'commandment', 'philippian', '1:9', 'pray', 'love', 'overflow', 'grow', 'knowledge', 'understanding', 'nlt']"
YwHQfvY_s_Y,"I've read the book series, twice!! ;-D  Expecting it to be depicted the way it was written. ((fingers crossed)) ☺  #LeftBehindMovie  ","['read', 'book', 'series', 'twice', ';-d', 'expect', 'depict', 'way', 'write', 'finger', 'cross', '☺', 'leftbehindmovie']"
YwHQfvY_s_Y,This is going to happen for real. Are you ready! ,"['happen', 'real', 'ready']"
YwHQfvY_s_Y,censor test,
YwHQfvY_s_Y,"I read the book and the 12 that followed"" Left Behind,"" it's an awesome series......You never will know before it happens, so my advice to you is, repent and accept Christ as your savior and believe he died for your sins on the cross and was resurrected.  This time we have on earth is so very small compared to what our Lord has waiting for all who have been ""Born Again"".  God Bless you and I hope to see your smiling face in Heaven!","['read', 'book', '12', 'follow', 'leave', 'awesome', 'series', '......', 'know', 'happen', 'advice', 'repent', 'accept', 'christ', 'savior', 'believe', 'die', 'sin', 'cross', 'resurrect', 'time', 'earth', 'small', 'compare', 'lord', 'wait', 'bear', 'god', 'bless', 'hope', 'smile', 'face', 'heaven']"
YwHQfvY_s_Y,Song?,
YwHQfvY_s_Y,"This time I hope Dr. LaHaye will allow them to go further than the other ones did, they stopped way too soon.  and yes, there is some fiction in these but there is also truth from the Bible as well, more truth than fiction is in these movies and books.  Now is the perfect time to have the Left Behind series be revived.  Just look at the weather patterns all over, especially here in Hawaii, where on the Big Island we had Tropical Storm Iselle, formerly a Hurricane touch down and cause a lot of serious damage.  Now we are being threatened by a lava flow, all in the same area and I have lived here 11 1/2 years and have not seen this before, it could also be possible that Mauna Loa is getting ready for action as well, but not as soon as it would seem.  Earthquakes, hurricanes, tornados, flooding, famine, pestilence (Ebola), as well as wars and rumor of wars.  Jesus has told His disciples all about this in the Bible.","['time', 'hope', 'dr.', 'lahaye', 'allow', 'stop', 'way', 'soon', 'yes', 'fiction', 'truth', 'bible', 'truth', 'fiction', 'movie', 'book', 'perfect', 'time', 'left', 'series', 'revive', 'look', 'weather', 'pattern', 'especially', 'hawaii', 'big', 'island', 'tropical', 'storm', 'iselle', 'hurricane', 'touch', 'cause', 'lot', 'damage', 'threaten', 'lava', 'flow', 'area', 'live', '11', '1/2', 'year', 'possible', 'mauna', 'loa', 'ready', 'action', 'soon', 'earthquakes', 'hurricane', 'tornados', 'flooding', 'famine', 'pestilence', 'ebola', 'war', 'rumor', 'war', 'jesus', 'tell', 'disciple', 'bible']"
YwHQfvY_s_Y,"the oGOD is coming to fuck ur shit up, hes gonna go all virgin mary on ur azz","['ogod', 'come', 'fuck', 'ur', 'shit', 's', 'virgin', 'mary', 'ur', 'azz']"
YwHQfvY_s_Y,"THE WORLD NEEDS THIS SO BADLY




lol","['world', 'needs', 'badly', 'lol']"
YwHQfvY_s_Y,Looks interesting to say the least. A little different from the book and original movie. I'll probably give it a shot,"['look', 'interesting', 'little', 'different', 'book', 'original', 'movie', 'probably', 'shot']"
YwHQfvY_s_Y,"I thought god was a loving god, sees like god is pretty mean letting people suffer, because didn't believe in him. If someone didn't believe something, does that make it right for them to have eternity of damnation? Oh but he loves us right? ","['think', 'god', 'love', 'god', 'like', 'god', 'pretty', 'mean', 'let', 'people', 'suffer', 'believe', 'believe', 'right', 'eternity', 'damnation', 'oh', 'love', 'right']"
YwHQfvY_s_Y,"Okay y'all take this in humor, not being insulting at all, but my thought was they should have made Chad Murray shave lol","['okay', ""y'"", 'humor', 'insult', 'thought', 'chad', 'murray', 'shave', 'lol']"
YwHQfvY_s_Y,@Left Behind Movie Let me prophesy to you. The rapture will have happened right before this movie turns ONE year old. Before it gets to mark celebrate its FIRST anniversary. #MarkMyWords!,"['@left', 'movie', 'let', 'prophesy', 'rapture', 'happen', 'right', 'movie', 'turn', 'year', 'old', 'mark', 'celebrate', 'anniversary', 'markmywords']"
YwHQfvY_s_Y,The books were good and hopefully the movies are too. The books did a good job of translating Revelations to the modern world and even non-christians should be able to appreciate the original apocalyptic story of the end of the world.,"['book', 'good', 'hopefully', 'movie', 'book', 'good', 'job', 'translating', 'revelation', 'modern', 'world', 'non', 'christians', 'able', 'appreciate', 'original', 'apocalyptic', 'story', 'end', 'world']"
YwHQfvY_s_Y,what is the song on the soundtrack?,"['song', 'soundtrack']"
YwHQfvY_s_Y,"Why has Hollyweird remade this movie? WHY??? Why can't you fruit loop socialists leave the classics alone? What, you so brainwashed with your socialist utopian fantasies that you've lost your creativity? Douchebags one and all.","['hollyweird', 'remade', 'movie', 'fruit', 'loop', 'socialist', 'leave', 'classic', 'brainwash', 'socialist', 'utopian', 'fantasy', 'lose', 'creativity', 'douchebag']"
YwHQfvY_s_Y,"I was really looking forward to this movie, but now I'm not sure. It doesn't seem overly faithful to the original novels. The Rapture when it happened on the plane, no one noticed it, and only slowly did people realize that half the plane was missing; also Rayford and Buck were on the same flight, but they didn't interact much until the plane made it to Chicago. When I read that Stoney Lake was trying to appeal to larger audiences, I didn't realize they meant it like this.

Still, I might go see it, I'd just have to separate the 2 in my mind, and take the movie as it's own unique story, not a retake on a classic one. (much like Godzilla 1998)","['look', 'forward', 'movie', 'sure', 'overly', 'faithful', 'original', 'novel', 'rapture', 'happen', 'plane', 'notice', 'slowly', 'people', 'realize', 'half', 'plane', 'miss', 'rayford', 'buck', 'flight', 'interact', 'plane', 'chicago', 'read', 'stoney', 'lake', 'try', 'appeal', 'large', 'audience', 'realize', 'mean', 'like', 'separate', '2', 'mind', 'movie', 'unique', 'story', 'retake', 'classic', 'like', 'godzilla', '1998']"
YwHQfvY_s_Y,Comedy Cult Classic!! Will this be funnier than Wicker Man and Vampire Kiss? I hope so..,"['comedy', 'cult', 'classic', 'funny', 'wicker', 'man', 'vampire', 'kiss', 'hope', '..']"
YwHQfvY_s_Y,"God's coming soon. This movie shows how it might happen. Watch my videos to see His face. Get ready or get left behind, your choice.","['god', 'come', 'soon', 'movie', 'happen', 'watch', 'video', 'face', 'ready', 'leave', 'choice']"
YwHQfvY_s_Y,"yay, take all the xtians away jesus!!!!","['yay', 'xtians', 'away', 'jesus']"
YwHQfvY_s_Y,"What a Narcissus, despot, oppressor, dictator god you guys have, can it be the Stockholm syndrome?","['narcissus', 'despot', 'oppressor', 'dictator', 'god', 'guy', 'stockholm', 'syndrome']"
YwHQfvY_s_Y,"The idea of people vanishing and taken to Heaven is not found in the Bible, all through  the scripture  God is  saying saying when the saved from all ages are taken to heaven it will be when Jesus comes for them.  whoever reads this and is not sure of what the Bible teaches please read the scriptures that are given prayerfully.  JOHN 14;2,3.              MATT 27;64.   MATT 24;30,31.  THESS 4;15-17.   REV 1;7.  REV 6;14-17.  As you can see there are many scriptures  showing that the event long looked for by christians is a personal  appearing of Christ to call his people home.  I must say however that when Christ does come back he dose not touch the earth we are caught up to meet Him, its actually  one of satans  deceptions and he himself will personate Christ  MATT 24;5.","['idea', 'people', 'vanish', 'heaven', 'find', 'bible', 'scripture', 'god', 'save', 'age', 'heaven', 'jesus', 'come', 'read', 'sure', 'bible', 'teach', 'read', 'scripture', 'prayerfully', 'john', '14;2,3', 'matt', '27;64', 'matt', '24;30,31', 'thess', '4;15', '17', 'rev', '1;7', 'rev', '6;14', '17', 'scripture', 'event', 'long', 'look', 'christians', 'personal', 'appear', 'christ', 'people', 'home', 'christ', 'come', 'dose', 'touch', 'earth', 'catch', 'meet', 'actually', 'satan', 'deception', 'personate', 'christ', 'matt', '24;5']"
YwHQfvY_s_Y,"Obviously Richard Rowe has been watching too many episodes of South Park. He probably doesn't believe in Satan either. But I know for a fact that although Richard will not admit it, he is deeply concerned that his very soul could be in jeopardy of  an eternity in hell if he is wrong. Yes, the remake will more than likely water down and Hollywoodize the real premise of the storyline, but hopefully it will get Richard and others curious enough to go to a bible-based church to hear the truth about Jesus. Because he is coming back, no matter what you say or believe. ","['obviously', 'richard', 'rowe', 'watch', 'episode', 'south', 'park', 'probably', 'believe', 'satan', 'know', 'fact', 'richard', 'admit', 'deeply', 'concerned', 'soul', 'jeopardy', 'eternity', 'hell', 'wrong', 'yes', 'remake', 'likely', 'water', 'hollywoodize', 'real', 'premise', 'storyline', 'hopefully', 'richard', 'curious', 'bible', 'base', 'church', 'hear', 'truth', 'jesus', 'come', 'matter', 'believe']"
YwHQfvY_s_Y,CHECK OUT NICOLAS CAGE 2007 MOVIE '' KNOWING '' IT WAS SIMILAR BIT WITH AN EXTRA TERRESTRIAL VIEW. ANGEL / ALIEN LIKE BEINGS CAME AND TOOK  HIS SON AND HIS FRIEND AND OTHERS AWAY AS THE SUN DREW CLOSER AND DESTROYED THE EARTH IN THE END IT SHOWS THIS SORT OF DIVINE LIKE OBJECT DROPPING THEM OFF IN A BEAUTIFUL PLACE WITH THEIR TWO LITTLE RABBITS VERY INTERESTING MOVIE ,"['check', 'nicolas', 'cage', '2007', 'movie', ""''"", 'knowing', ""''"", 'similar', 'bit', 'extra', 'terrestrial', 'view', 'angel', 'alien', 'like', 'beings', 'came', 'took', 'son', 'friend', 'away', 'sun', 'draw', 'closer', 'destroyed', 'earth', 'end', 'shows', 'sort', 'divine', 'like', 'object', 'drop', 'beautiful', 'place', 'little', 'rabbits', 'interesting', 'movie']"
YwHQfvY_s_Y,"The pre-tribulation rapture is unfounded. Scripture is quite plain about when the rapture will occur - at the LAST trump! This pre-trib theory will cause millions to lose heart and even ""fall away"" when it doesn't occur. Christians and Jews are being slaughtered all over the world AS I TYPE THIS! Tell them the rapture will occur before THEIR tribulation! Cease spreading this doctrine of demons.","['pre', 'tribulation', 'rapture', 'unfounded', 'scripture', 'plain', 'rapture', 'occur', 'trump', 'pre', 'trib', 'theory', 'cause', 'million', 'lose', 'heart', 'fall', 'away', 'occur', 'christians', 'jews', 'slaughter', 'world', 'type', 'tell', 'rapture', 'occur', 'tribulation', 'cease', 'spread', 'doctrine', 'demon']"
YwHQfvY_s_Y,This is going to happen one day  my sister and me are the only Christians and my parents are not and I do not want them to be left behind I am in prayer for them ,"['happen', 'day', 'sister', 'christians', 'parent', 'want', 'leave', 'prayer']"
YwHQfvY_s_Y,I still prefer Greco-Roman mythology over christian tales.,"['prefer', 'greco', 'roman', 'mythology', 'christian', 'tale']"
YwHQfvY_s_Y,"All Christians disappearing in one day, sounds to good to be true.","['christians', 'disappear', 'day', 'sound', 'good', 'true']"
YwHQfvY_s_Y,Best Science Fiction Series of books I ever read. :-D,"['good', 'science', 'fiction', 'series', 'book', 'read', ':-d']"
YwHQfvY_s_Y,HAHAHAHAHAHHAHAH WHAT THE F..... Of course it would have Nick Cage.,"['hahahahahahhahah', 'f', '.....', 'course', 'nick', 'cage']"
YwHQfvY_s_Y,This looks like the worst Nick Cage movie in years. and thats saying something considering how bad the Sorcerers Apprentice was.,"['look', 'like', 'bad', 'nick', 'cage', 'movie', 'year', 's', 'consider', 'bad', 'sorcerers', 'apprentice']"
YwHQfvY_s_Y,"Christians have expected the Rapture for about 7,000,000 days now (2000 years), so it should be here any day right?","['christians', 'expect', 'rapture', '7,000,000', 'day', '2000', 'year', 'day', 'right']"
YwHQfvY_s_Y,"Yeah, they should animate the Dramatic audios . . .","['yeah', 'animate', 'dramatic', 'audio']"
YwHQfvY_s_Y,"Yeah, just what we need...America on the verge of creating its very own Christian Taliban, living with a Congress and government destroyed by them, every moron on FOX gunning for a New Crusade...and you idiots are releasing Christian Revenge Porn reboots? The books were sick and pathetic, the first movie was just as bad, and now...man, you got Nic Cage in on this hateful trash? Sorry, Nic...huge, long-time fan, but you lost me here. ","['yeah', 'need', '...', 'america', 'verge', 'create', 'christian', 'taliban', 'live', 'congress', 'government', 'destroy', 'moron', 'fox', 'gun', 'new', 'crusade', '...', 'idiot', 'release', 'christian', 'revenge', 'porn', 'reboot', 'book', 'sick', 'pathetic', 'movie', 'bad', '...', 'man', 'nic', 'cage', 'hateful', 'trash', 'sorry', 'nic', '...', 'huge', 'long', 'time', 'fan', 'lose']"
YwHQfvY_s_Y,omgasssssssssssss every1 just turned into a fart and floated 2 jezus,"['omgasssssssssssss', 'every1', 'turn', 'fart', 'float', '2', 'jezus']"
YwHQfvY_s_Y,"politicians aren't evil people 
if their were no christian politicians or republicans the world would already have fallen apart  cause of Obama. i mean really  in other countries peoples heads are being cut off cause of isis and Obama won't do anything about it.but it says in the bible those who don't believe or know god won't be saved in the rapture which i hope that I'm worthy cause I'm only 13 and i know i sin a lot but I'm trying to stop it","['politician', 'evil', 'people', 'christian', 'politician', 'republican', 'world', 'fall', 'apart', 'cause', 'obama', 'mean', 'country', 'people', 'head', 'cut', 'cause', 'isis', 'obama', 'it.but', 'bible', 'believe', 'know', 'god', 'save', 'rapture', 'hope', 'worthy', 'cause', '13', 'know', 'sin', 'lot', 'try', 'stop']"
YwHQfvY_s_Y,"actually the movie noah had lots of false stuff in their like the guy who gets on the ark that never happend 

and also they make it seem like noah tried to kill their kids that never happened either","['actually', 'movie', 'noah', 'lot', 'false', 'stuff', 'like', 'guy', 'ark', 'happend', 'like', 'noah', 'try', 'kill', 'kid', 'happen']"
YwHQfvY_s_Y,We are just people we cannot live because we are not Spirit or like The Son Of God (Jesus Christ) we deserve to die we always sin which is not good it can be a little son but it can be a very very dangerous sin so if you do sin please please confess your sin to Jesus Christ and to God and admit that you did do the sin with all your  heart and love one another even a kid that you really hate 1 John 4:11-24,"['people', 'live', 'spirit', 'like', 'son', 'god', 'jesus', 'christ', 'deserve', 'die', 'sin', 'good', 'little', 'son', 'dangerous', 'sin', 'sin', 'confess', 'sin', 'jesus', 'christ', 'god', 'admit', 'sin', 'heart', 'love', 'kid', 'hate', '1', 'john', '4:11', '24']"
YwHQfvY_s_Y,"My friends we need to love God with all and i mean all our heart , Jesus of Nazareth,and your brother or sister because if you don't its says you are a liar.1 John 4:19-21","['friend', 'need', 'love', 'god', 'mean', 'heart', 'jesus', 'nazareth', 'brother', 'sister', 'liar.1', 'john', '4:19', '21']"
YwHQfvY_s_Y,People we need to believe in Jesus Christ so we can live in heaven because Jesus Christ Got Crucified Matthew 27:32-61 ,"['people', 'need', 'believe', 'jesus', 'christ', 'live', 'heaven', 'jesus', 'christ', 'got', 'crucified', 'matthew', '27:32', '61']"
YwHQfvY_s_Y,"This movie (as with the Noah movie) is a deception and not biblically accurate. (Isa. 8:20). Search the scriptures line upon line, precept upon precept (Isa 28:13).","['movie', 'noah', 'movie', 'deception', 'biblically', 'accurate', 'isa', '8:20', 'search', 'scripture', 'line', 'line', 'precept', 'precept', 'isa', '28:13']"
YwHQfvY_s_Y,So tired of this doctrine of rapture. It was created in 1820. ,"['tired', 'doctrine', 'rapture', 'create', '1820']"
YwHQfvY_s_Y,what is a music?,['music']
YwHQfvY_s_Y,"I do not buy into the pretribuation therory.  If the pretrib therory is true, why are christians in the middle east and china under sever persecution.  The western church needs to go through the fire to refine it and weed out the luke warm christians.  Pretrib was startred by scofield in the 1840's and was never expressed by and of the founding chuch fathers or the apostles.  Pretrib is an acid on society, christians become passive in the and believe they do not have to be involed in the world and just can not wait to be raptured and taken away before persecution happens.","['buy', 'pretribuation', 'therory', 'pretrib', 'therory', 'true', 'christians', 'middle', 'east', 'china', 'sever', 'persecution', 'western', 'church', 'need', 'fire', 'refine', 'weed', 'luke', 'warm', 'christians', 'pretrib', 'startre', 'scofield', '1840', 'express', 'found', 'chuch', 'father', 'apostle', 'pretrib', 'acid', 'society', 'christians', 'passive', 'believe', 'invole', 'world', 'wait', 'rapture', 'away', 'persecution', 'happen']"
YwHQfvY_s_Y,Excited to see this!,['excited']
YwHQfvY_s_Y,Thank you @Left Behind Movie  for a remake i can not keep a copy of the first book in the novel collection series because i always give it away for free to introduce people to Jesus but then the movie gets brought up and kirk as wonderful he is for his fellowship that movie did the book no justice and had barely no relation. ,"['thank', '@left', 'movie', 'remake', 'copy', 'book', 'novel', 'collection', 'series', 'away', 'free', 'introduce', 'people', 'jesus', 'movie', 'bring', 'kirk', 'wonderful', 'fellowship', 'movie', 'book', 'justice', 'barely', 'relation']"
YwHQfvY_s_Y,"As a Christian, I believe it is part of our duty to bring non-believers into Christ's Church.
One of the major pet-peeve I have about other Christians is their use of ""Bible-babble"" in public forums (like this one). All it does is confuse people who are not knowledgeable about ""Church phrases"". I see a lot of comments here talking about ""Pre-Trib"" and ""Post-Trib""... you DO realize that words like that only make non-Christians distance themselves from us? Unless you explain your phrasing, please keep it amongst the Church and those who understand what you are talking about.
Thanks.","['christian', 'believe', 'duty', 'bring', 'non', 'believer', 'christ', 'church', 'major', 'pet', 'peeve', 'christians', 'use', 'bible', 'babble', 'public', 'forum', 'like', 'confuse', 'people', 'knowledgeable', 'church', 'phrase', 'lot', 'comment', 'talk', 'pre', 'trib', 'post', 'trib', '...', 'realize', 'word', 'like', 'non', 'christians', 'distance', 'explain', 'phrasing', 'church', 'understand', 'talk', 'thank']"
YwHQfvY_s_Y,This looks good. I hope this will get Nick Cage back on track. That in the process he will come to realize the Truth.,"['look', 'good', 'hope', 'nick', 'cage', 'track', 'process', 'come', 'realize', 'truth']"
YwHQfvY_s_Y,So can't wait to see this movie! ,"['wait', 'movie']"
YwHQfvY_s_Y,"the first 3 ""Left Behind"" movies were already made, staring Kirk Cameron. What, now because they star Nicolas Cage, they are going to make it to the theater? Or is it because of how obuma is destroying the country and its making it more believable, and Nicolas Cage is just a bigger name?","['3', 'leave', 'movie', 'stare', 'kirk', 'cameron', 'star', 'nicolas', 'cage', 'theater', 'obuma', 'destroy', 'country', 'believable', 'nicolas', 'cage', 'big']"
YwHQfvY_s_Y,I love the book series!  I wonder if they are going to put all seven books in one movie or will there be other parts like some movies have been made.  It would be wonderful if they can do the whole series.,"['love', 'book', 'series', 'wonder', 'seven', 'book', 'movie', 'like', 'movie', 'wonderful', 'series']"
YwHQfvY_s_Y,it's release is October 3rd.   Are you ready??  When it does happen I for one do not wish to be left behind.. I believe in Our Lord and Savior Jesus Christ and that He died for our sins on the cross on Calvary.,"['release', 'october', '3rd', 'ready', 'happen', 'wish', 'leave', '..', 'believe', 'lord', 'savior', 'jesus', 'christ', 'die', 'sin', 'cross', 'calvary']"
YwHQfvY_s_Y,I hate to rain on everybodys parade about this movie but this has already been done and it was the official version by the authors. LaHay and Jenkins. I doubt they had anything to do with this one. seems to me with all the hype I am getting it is nothing more than Hollywoods attempt to capitalize on a great movie and remake it in their image to sell tickets and accessories.,"['hate', 'rain', 'everybodys', 'parade', 'movie', 'official', 'version', 'author', 'lahay', 'jenkins', 'doubt', 'hype', 'hollywood', 'attempt', 'capitalize', 'great', 'movie', 'remake', 'image', 'sell', 'ticket', 'accessory']"
YwHQfvY_s_Y,"Just watching the trailer makes me wonder why some were taken up but others who seem to be good-hearted people trying to do the right thing were left behind. I thought only evil people such as murderers, rapists, politicians, etc would be left. Silly me.","['watch', 'trailer', 'wonder', 'good', 'hearted', 'people', 'try', 'right', 'thing', 'leave', 'think', 'evil', 'people', 'murderer', 'rapist', 'politician', 'etc', 'leave', 'silly']"
YwHQfvY_s_Y,"They are making a remake from the original Left Behind movie series smh 
","['remake', 'original', 'left', 'movie', 'series', 'smh']"
YwHQfvY_s_Y,"Nice movie but it be more than just a movie if someone can show me where exactly does this ""Left Behind"" is mentioned in the Holy Bible?","['nice', 'movie', 'movie', 'exactly', 'leave', 'mention', 'holy', 'bible']"
YwHQfvY_s_Y,"Jesus is coming again.  There will be a Rapture.  That Rapture happens at the Second Coming.  But the Rapture is not an event separate from the Second Coming.  There will be a separation of believers from non-believers (the meaning of one taken and another left-similar to what occurred in Noah's day, Matthew 24).  But the notion of people snatched away and others left behind with cars and planes without drivers and babies removed from hospitals is not supported by Scripture. But Jesus will come again, so be ready.","['jesus', 'come', 'rapture', 'rapture', 'happen', 'second', 'coming', 'rapture', 'event', 'separate', 'second', 'coming', 'separation', 'believer', 'non', 'believers', 'meaning', 'left', 'similar', 'occur', 'noah', 'day', 'matthew', '24', 'notion', 'people', 'snatch', 'away', 'leave', 'car', 'plane', 'driver', 'baby', 'remove', 'hospital', 'support', 'scripture', 'jesus', 'come', 'ready']"
YwHQfvY_s_Y,"Are all the Muslims, Jews, Hindus, Sikhs, Buddhists, etc. left behind?  Are we who are not Christian all left behind?","['muslims', 'jews', 'hindus', 'sikhs', 'buddhists', 'etc', 'leave', 'christian', 'leave']"
YwHQfvY_s_Y,"Well this is the first trailer that doesn't make the movie look like garbage. However, we'll never get the left behind movies we want...","['trailer', 'movie', 'look', 'like', 'garbage', 'left', 'movie', 'want', '...']"
YwHQfvY_s_Y,"Well this is the first trailer that doesn't make the movie look like garbage. However, we'll never get the left behind movies we want...","['trailer', 'movie', 'look', 'like', 'garbage', 'left', 'movie', 'want', '...']"
YwHQfvY_s_Y,Civil Twilight - Letters From the Sky for everyone who's wondering ,"['civil', 'twilight', 'letter', 'sky', 'wonder']"
YwHQfvY_s_Y,Bad theology yields with bad movie. :-/,"['bad', 'theology', 'yield', 'bad', 'movie', ':-/']"
YwHQfvY_s_Y,"Cuanta gilipollez religiosa.  Joder, dejaros de soplapolleces con dios. ¡Sed mas realistas!",
YwHQfvY_s_Y,"Over 4 million people have seen our new, full-length trailer.  Have you?  
 #leftbehindmovie  #areyouready?","['4', 'million', 'people', 'new', 'length', 'trailer', 'leftbehindmovie', 'areyouready']"
YwHQfvY_s_Y,"@Gordon Brogan I see you disabled the comments,because your too wuss to be corrected.Nice try,Dikut.","['@gordon', 'brogan', 'disable', 'comment', 'wuss', 'correct', 'nice', 'try', 'dikut']"
YwHQfvY_s_Y,"I only hope that this one turned out better than the Kirk Cameron version, which was simply awful.","['hope', 'turn', 'better', 'kirk', 'cameron', 'version', 'simply', 'awful']"
YwHQfvY_s_Y,Great,
YwHQfvY_s_Y,Looks like a decent film. better than the first trailer Good cinemetography too. Chad michael murray is a better actor than kirk cameron. looks closer to the book too.,"['look', 'like', 'decent', 'film', 'trailer', 'good', 'cinemetography', 'chad', 'michael', 'murray', 'actor', 'kirk', 'cameron', 'look', 'closer', 'book']"
YwHQfvY_s_Y,"the song is ""Letters From the Sky"" by Civil Twilight. SO GOOD!","['song', 'letter', 'sky', 'civil', 'twilight', 'good']"
YwHQfvY_s_Y,The leftovers: the prequel,"['leftover', 'prequel']"
YwHQfvY_s_Y,I so dont give a s***,['s']
YwHQfvY_s_Y,Oh MY G.O.D (Gaaaaawwd),
YwHQfvY_s_Y,Can't wait to see it!,['wait']
YwHQfvY_s_Y,"Watch the official full-length trailer for *LEFT BEHIND* starring Nicolas Cage.  In theaters October 3!

*Visit our website for more information*:  http://bit.ly/LBMovie","['watch', 'official', 'length', 'trailer', 'leave', 'star', 'nicolas', 'cage', 'theater', 'october', '3', 'visit', 'website', 'information', 'http://bit.ly/lbmovie']"
YwHQfvY_s_Y,which is the song you hear in the trailer?,"['song', 'hear', 'trailer']"
YwHQfvY_s_Y,"is awesome no doubt be the best movie 
I can not wait to see it :)","['awesome', 'doubt', 'good', 'movie', 'wait', ':)']"
YwHQfvY_s_Y,Cannot wait for this film!,"['wait', 'film']"
